month,effort_days,weight,log_rate_ratio_to_prediction_month,mean_rate_ratio_to_prediction_month,annualization_factor,prediction_baseline_month
2024-03,272,0.06149672168211621,-1.071855690620791,0.34237258995488573,1.0323164163836405,2024-08
2024-04,528,0.11937598914763735,-0.4285232291733124,0.6514704572582558,1.0323164163836405,2024-08
2024-05,818,0.184942346823423,-0.10121783806190128,0.9037361433116919,1.0323164163836405,2024-08
2024-06,778,0.17589871128193535,0.5164656408202731,1.6760932531566208,1.0323164163836405,2024-08
2024-07,740,0.16730725751752204,0.2516739943165702,1.2861766680265025,1.0323164163836405,2024-08
2024-08,823,0.18607280126610898,0,1,1.0323164163836405,2024-08
2024-09,464,0.10490617228125707,-0.4007146210680023,0.6698411923282904,1.0323164163836405,2024-08
