parameter,mean,sd,0.025quant,0.5quant,0.975quant,mode
size for the nbinomial observations (1/overdispersion),1.9042768800322254,2.249487275932613,0.2869523743847562,1.242157877795409,7.697851520881062,0.6384629668474407
Range for spatial,617.976294362679,411.25822446380914,162.5605693383208,513.2250472784625,1699.6131532655088,358.7307167417116
Stdev for spatial,0.8193876583665637,0.26145703182896507,0.40619508817396527,0.7857639430390138,1.4240068611002257,0.7249108257988478
