term,month,reference_month,prediction_month,mean_log_rate_ratio,q025_log_rate_ratio,q975_log_rate_ratio,mean_rate_ratio,q025_rate_ratio,q975_rate_ratio
month_2024_03,2024-03,2024-08,2024-08,-1.0718421842925814,-2.523602241963308,0.3822214012421934,0.34237721418268374,0.08017029317933745,1.4655365208225921
month_2024_04,2024-04,2024-08,2024-08,-0.42851900033025303,-1.5107152441860459,0.6534260731314628,0.6514732122304026,0.22075202987446146,1.9221148671175656
month_2024_05,2024-05,2024-08,2024-08,-0.101209430060885,-1.028753857701324,0.825899254284665,0.903743741958048,0.3574521193516224,2.283933679292117
month_2024_06,2024-06,2024-08,2024-08,0.5164739375920697,-0.3005315994178007,1.323222142351807,1.6761071593775405,0.740424506805213,3.755502667186631
month_2024_07,2024-07,2024-08,2024-08,0.25168756223399286,-0.6232336010303923,1.1229824576665162,1.286194118883711,0.5362077492987657,3.074008645791203
month_2024_09,2024-09,2024-08,2024-08,-0.40070977148505293,-1.4849757169566027,0.6827915203665795,0.6698444407865923,0.22650784090941795,1.9793955500883995
