metric,value
mean_log_predictive_density,-0.40801280478841084
rmse_count,0.44631513541957163
rmse_rate_per100,4.044381579796886
coverage_90,0.9719101123595506
