term,month,reference_month,prediction_month,mean_log_rate_ratio,q025_log_rate_ratio,q975_log_rate_ratio,mean_rate_ratio,q025_rate_ratio,q975_rate_ratio
month_2024_03,2024-03,2024-08,2024-08,-1.071855282531094,-2.5236073031412625,0.3821969973749282,0.3423727296736407,0.0801698874242438,1.4655007565002613
month_2024_04,2024-04,2024-08,2024-08,-0.4285229588756942,-1.510710722573313,0.653413410510296,0.6514706333491925,0.2207530280319072,1.9220905282592613
month_2024_05,2024-05,2024-08,2024-08,-0.10121742527508054,-1.0287495731583942,0.8258775143754795,0.9037365163621383,0.35745365087385406,2.28388402732106
month_2024_06,2024-06,2024-08,2024-08,0.5164662460242937,-0.30051808978783656,1.3232026610083372,1.6760942675353034,0.740434509733884,3.755429505661915
month_2024_07,2024-07,2024-08,2024-08,0.25167462253529044,-0.6232307444947776,1.1229555897050365,1.2861774760270166,0.5362092809974861,3.0739260545548537
month_2024_09,2024-09,2024-08,2024-08,-0.40071413015884677,-1.484970403729644,0.6827774590401782,0.6698415211595452,0.2265090444001818,1.9793677173571753
