metric,value
mean_log_predictive_density,-0.4149069652316039
rmse_count,0.44730931378753774
rmse_rate_per100,4.0450041557469705
coverage_90,0.9775280898876404
