term,month,reference_month,prediction_month,mean_log_rate_ratio,q025_log_rate_ratio,q975_log_rate_ratio,mean_rate_ratio,q025_rate_ratio,q975_rate_ratio
month_2024_03,2024-03,2024-06,2024-06,-1.1855233173669344,-2.6055429792072156,0.24137989160572015,0.30558621907179156,0.07386302022303683,1.273004547202885
month_2024_04,2024-04,2024-06,2024-06,-0.610991895488625,-1.6727352229353796,0.45796995045076283,0.5428121890000575,0.18773287148569032,1.5808614981722466
month_2024_05,2024-05,2024-06,2024-06,-0.31310929219865513,-1.2193465470309697,0.6061642170146977,0.7311699970253233,0.2954231489986259,1.8333854253880877
month_2024_07,2024-07,2024-06,2024-06,0.029528036372504035,-0.8202109531890909,0.8881612576085626,1.0299683116423508,0.44033875384309473,2.4306561892039764
month_2024_08,2024-08,2024-06,2024-06,-0.05693507762822894,-0.906281721771277,0.8151895504471658,0.9446553966446022,0.40402370711243385,2.2596039406965676
month_2024_09,2024-09,2024-06,2024-06,-0.5838948003514296,-1.646257396488406,0.48439062358174534,0.557721915383253,0.19277002199201848,1.6231855763937404
