term,month,reference_month,prediction_month,mean_log_rate_ratio,q025_log_rate_ratio,q975_log_rate_ratio,mean_rate_ratio,q025_rate_ratio,q975_rate_ratio
month_2024_09,2024-09,2024-08,2024-08,0.2887804713661784,0.023757032835930447,0.5522950812474489,1.3347986698338823,1.0240414792079384,1.7372355427267194
month_2024_10,2024-10,2024-08,2024-08,0.37228270833206195,-0.0707470035074022,0.8225618536073627,1.4510431452993935,0.9316975785319486,2.276323982850183
