month,effort_days,weight,log_rate_ratio_to_prediction_month,mean_rate_ratio_to_prediction_month,annualization_factor,prediction_baseline_month
2024-08,1585.5471064814815,0.44363097776028154,0,1,1.1949926876990413,2024-08
2024-09,1720.3260069444445,0.4813416803621902,0.28877932883010693,1.3347971447791251,1.1949926876990413,2024-08
2024-10,268.14940972222223,0.07502734187752826,0.3722854564907161,1.4510471330016501,1.1949926876990413,2024-08
