term,month,reference_month,prediction_month,mean_log_rate_ratio,q025_log_rate_ratio,q975_log_rate_ratio,mean_rate_ratio,q025_rate_ratio,q975_rate_ratio
month_2024_08,2024-08,2024-09,2024-09,-0.29492078616660455,-0.5592454510185821,-0.029583344906226272,0.7445905670030033,0.5716402317142986,0.9708499588703756
month_2024_10,2024-10,2024-09,2024-09,0.09525723615136582,-0.3363378823744729,0.5350232222491194,1.0999417635233846,0.7143816880519115,1.7074878935030453
